projectType,area,location,estimatedCarbonCapture,actualCarbonCapture,startDate,endDate,durationYears,creditValue
methane_capture,360.7264381303883,"Pampas, Argentina",12443.587583192215,13810.551065440062,2023-08-01,2045-08-01,22.551217477515067,18.421579297463644
soil_carbon,1384.5012411338196,"Borneo Rainforest, Indonesia",27700.806845410763,,2020-12-01,2040-12-01,20.943956898748,26.975190917759125
soil_carbon,2481.069710280214,"Alpine Region, Switzerland",53082.33412994259,50954.18654390442,2021-03-01,2028-03-01,7.808992019073113,15.106146562150883
methane_capture,1239.1973680907245,"Alpine Region, Switzerland",43035.32450321148,48830.70493136016,2023-02-01,2038-02-01,15.876514703260373,18.86988036063307
conservation,518.4914183189605,"Central Highlands, Kenya",16694.98929119204,,2023-03-01,2036-03-01,13.772943943272846,15.568847915791444
methane_capture,309.4761056507688,"Borneo Rainforest, Indonesia",12478.413394706367,,2021-02-01,2049-02-01,28.73593811486137,26.384226508115606
conservation,1364.629600777391,"Coastal Region, Australia",47847.31285033609,43483.39192222764,2020-08-01,2047-08-01,27.054088311588885,22.948285587676597
soil_carbon,11392.907983723968,"Borneo Rainforest, Indonesia",337828.80863909464,,2020-09-01,2048-09-01,28.567881496138952,28.804793107642684
soil_carbon,1049.9136456448623,"Amazon Rainforest, Brazil",25144.18785635215,21478.76739009899,2022-01-01,2039-01-01,17.79759271802886,25.934555826071527
renewable_energy,2204.906226276734,"Amazon Rainforest, Brazil",46763.00991894753,,2020-08-01,2041-08-01,21.38881650931844,22.56822837161826
reforestation,362.7322743749061,"Savanna, Tanzania",19802.325144327235,,2022-03-01,2032-03-01,10.430347007354634,15.105824432226715
soil_carbon,1574.0317581802808,"Congo Rainforest, DRC",43615.90342123732,,2020-10-01,2052-10-01,32.304292531727754,27.797386986025607
soil_carbon,1196.369781091162,"Congo Rainforest, DRC",27688.255584473063,,2021-05-01,2038-05-01,17.60794119627306,23.549074772756992
soil_carbon,1256.0835047308863,"Northern Forest, Canada",33848.74903188499,,2021-09-01,2045-09-01,24.86471729600769,20.022647524033623
methane_capture,1208.4303310218968,"Northern Forest, Canada",54281.53337646517,,2022-01-01,2049-01-01,27.749159924263115,22.79497403290433
renewable_energy,1474.567900532589,"Alpine Region, Switzerland",23675.097516694277,,2020-05-01,2042-05-01,22.088442177439113,18.441309684613515
conservation,933.288423196746,"Pampas, Argentina",28209.097532755408,,2020-01-01,2043-01-01,23.232406854516306,18.757471109822383
methane_capture,160.97173405589967,"Savanna, Tanzania",5884.715782737281,6078.14227235626,2021-12-01,2040-12-01,19.787888996406267,14.180755820012088
soil_carbon,4598.638163765103,"Amazon Rainforest, Brazil",116388.52364835113,,2021-07-01,2049-07-01,28.526349668394435,31.041568214213473
renewable_energy,2418.8123810077677,"Pampas, Argentina",45817.785255701514,,2021-06-01,2033-06-01,12.724900361642089,14.91429637680893
reforestation,407.2648353236242,"Alpine Region, Switzerland",16622.719039156935,,2022-04-01,2037-04-01,15.469618163177824,15.520152927093108
renewable_energy,533.62962231342,"Congo Rainforest, DRC",12553.202552267298,,2022-02-01,2039-02-01,17.840529847394475,19.59921400020395
renewable_energy,767.589414944409,"Alpine Region, Switzerland",16334.204781254697,,2020-04-01,2044-04-01,24.448974388271722,17.31351457662574
conservation,1422.089850323324,"Amazon Rainforest, Brazil",39915.72630545091,,2023-03-01,2049-03-01,26.254582974218483,29.508885301431775
reforestation,2107.058780316321,"Pampas, Argentina",108753.16809885089,,2020-03-01,2048-03-01,28.82149972370169,29.015924713584383
conservation,61.59268457128344,"Borneo Rainforest, Indonesia",2213.240087480569,1893.255610163381,2021-05-01,2034-05-01,13.574578679898819,14.640863478376245
renewable_energy,1665.896210148305,"Amazon Rainforest, Brazil",33435.390900579274,,2021-06-01,2025-06-01,4.907775633714893,17.586954731654554
renewable_energy,952.5108000127616,"Great Plains, USA",17907.80051364778,,2022-01-01,2048-01-01,26.97729487482763,17.863442664823957
soil_carbon,4816.721434048668,"Congo Rainforest, DRC",98434.70090112284,,2021-05-01,2044-05-01,23.17419425016903,29.556966332442506
methane_capture,965.2577901532588,"Alpine Region, Switzerland",39425.220330692515,,2023-01-01,2045-01-01,22.73272644758973,19.878324181416648
soil_carbon,596.2300747985806,"Central Highlands, Kenya",14817.986053351748,,2021-06-01,2034-06-01,13.491831224319814,16.03640308352102
conservation,297.16942953423995,"Great Plains, USA",8185.082337309192,,2023-01-01,2036-01-01,13.993905255458618,12.365837211672407
soil_carbon,1835.4322057228585,"Coastal Region, Australia",52623.1686965843,,2021-07-01,2045-07-01,24.11028760729767,21.46703879341756
soil_carbon,4150.073516852629,"Northern Forest, Canada",116027.45116037481,,2022-12-01,2049-12-01,27.905620884032892,23.215812091380453
renewable_energy,1273.8941097851882,"Alpine Region, Switzerland",22932.655629578123,21579.16236883974,2022-12-01,2043-12-01,21.127258944570574,16.849923051374606
soil_carbon,3679.0087487896285,"Central Highlands, Kenya",80731.43343236421,,2022-07-01,2040-07-01,18.790112276062167,18.09455518351033
soil_carbon,144.72818736838153,"Borneo Rainforest, Indonesia",4045.422313259983,3971.35640033279,2022-10-01,2043-10-01,21.491634518155422,17.92974624710679
soil_carbon,6511.278310761452,"Savanna, Tanzania",134014.7131778226,,2022-02-01,2036-02-01,14.580674658281946,17.02379750642505
reforestation,1317.9799656917526,"Pampas, Argentina",66339.10494039257,,2020-06-01,2044-06-01,24.623177080790676,25.880048707118764
renewable_energy,3892.905796675808,"Coastal Region, Australia",62734.752709382235,54190.32911433876,2020-04-01,2034-04-01,14.338644275049754,14.322100932284854
conservation,42.894030193876084,"Coastal Region, Australia",1118.608639503698,,2022-10-01,2033-10-01,11.804898869325681,11.766236777676335
soil_carbon,964.4788015979024,"Northern Forest, Canada",25325.862246720357,,2020-08-01,2036-08-01,16.27468182996363,18.966391448616733
methane_capture,1546.992699459622,"Pampas, Argentina",69328.769766884,,2022-12-01,2049-12-01,27.40986034308027,21.98796515010054
soil_carbon,1713.493157472273,"Congo Rainforest, DRC",48327.820979531876,,2022-12-01,2051-12-01,29.0899385369541,28.9089298810785
methane_capture,1224.5143294781917,"Borneo Rainforest, Indonesia",45778.305883742585,,2020-10-01,2036-10-01,16.55979691320067,26.372525763004106
conservation,588.6094172599882,"Congo Rainforest, DRC",19047.898696900138,,2020-08-01,2037-08-01,17.15609087266912,21.48192171119916
soil_carbon,119.49074796856817,"Alpine Region, Switzerland",3069.1440987772144,,2022-04-01,2053-04-01,31.11653070891971,16.9394131570133
soil_carbon,3443.9403157459674,"Amazon Rainforest, Brazil",77083.517214242,,2020-04-01,2046-04-01,26.86291727030773,31.121168655716886
soil_carbon,1516.5091374856743,"Congo Rainforest, DRC",44746.2269946134,,2022-05-01,2040-05-01,18.958855565058524,23.36038048097634
methane_capture,259.653295213836,"Alpine Region, Switzerland",12239.825942404033,,2022-05-01,2044-05-01,22.154541234020307,16.88442657837966
conservation,1517.0429878775485,"Central Highlands, Kenya",49258.35214795771,,2020-10-01,2053-10-01,33.40234599734576,24.016337434068188
reforestation,1401.0350601438581,"Great Plains, USA",58080.272865708444,,2021-02-01,2036-02-01,15.944454597030962,19.330241528841743
soil_carbon,3478.492670965545,"Great Plains, USA",102519.8257594338,,2023-04-01,2039-04-01,16.180946155397432,18.087507449339313
renewable_energy,395.7008643555793,"Great Plains, USA",7376.663519197055,,2020-02-01,2046-02-01,26.65566549259609,15.617891468593927
conservation,3909.3962370557265,"Northern Forest, Canada",121192.94555037764,,2022-12-01,2048-12-01,26.166904811712318,20.25161809033637
reforestation,4267.6415922981,"Great Plains, USA",254172.25503416103,,2022-05-01,2039-05-01,17.709227870672642,19.84364431735321
soil_carbon,2549.2998269446166,"Central Highlands, Kenya",52909.04931730829,48414.04103355991,2022-01-01,2033-01-01,11.469428174080251,17.243993056246094
renewable_energy,9796.720180838209,"Savanna, Tanzania",178486.92955817963,176543.12148608154,2021-12-01,2034-12-01,13.533613717158788,15.315112201183657
methane_capture,1543.4199435634466,"Central Highlands, Kenya",57033.13573098985,,2023-03-01,2058-03-01,35.00936671372709,26.346559352469686
conservation,2302.988753807779,"Congo Rainforest, DRC",66830.23819861528,,2021-11-01,2052-11-01,31.813269003437032,26.58952922012121
reforestation,1473.620422649184,"Great Plains, USA",70170.58780860368,,2022-01-01,2033-01-01,11.221233051466733,20.40620763164353
conservation,222.64361213798935,"Alpine Region, Switzerland",5494.066421836971,,2020-05-01,2035-05-01,15.204999816369817,14.609667868145927
renewable_energy,5410.749726794975,"Central Highlands, Kenya",119343.01088562222,,2020-09-01,2044-09-01,24.808431553692294,17.234041960347945
renewable_energy,2234.147222009866,"Northern Forest, Canada",46794.27148227669,,2023-07-01,2034-07-01,11.002863265297046,14.75543120494817
conservation,1230.1131896201077,"Great Plains, USA",42102.072992787645,,2020-11-01,2052-11-01,32.41010283786377,22.06567289795579
soil_carbon,3462.073890590088,"Central Highlands, Kenya",100509.2348068332,,2021-06-01,2045-06-01,24.20169370152758,21.958773129675947
conservation,837.6439801794602,"Congo Rainforest, DRC",25269.937941949822,,2023-07-01,2048-07-01,25.740338046367697,26.10422553503991
reforestation,902.6453574481671,"Central Highlands, Kenya",51308.012424198605,,2023-08-01,2054-08-01,31.35738382034996,23.830702506721725
soil_carbon,3370.0325592492204,"Borneo Rainforest, Indonesia",75493.63672742003,67088.47089054306,2022-11-01,2030-11-01,8.470433916032011,18.95123240737001
methane_capture,516.746951758231,"Pampas, Argentina",23764.717771096635,,2023-02-01,2056-02-01,33.38998527513106,21.593274347663552
renewable_energy,662.991728561979,"Congo Rainforest, DRC",12451.616968121518,12633.592279341794,2020-09-01,2048-09-01,28.362502344060886,22.396528773548354
conservation,7822.23135941598,"Amazon Rainforest, Brazil",191423.656462833,,2020-06-01,2040-06-01,20.28210841577383,22.751511920985838
renewable_energy,2569.211353877077,"Amazon Rainforest, Brazil",56486.87999949115,51561.495031156104,2022-08-01,2037-08-01,15.037090219715584,20.135168460339536
conservation,6507.622350457005,"Savanna, Tanzania",161051.26493940133,143325.17011864952,2022-07-01,2044-07-01,22.01983830674868,19.752968745545274
methane_capture,5033.0800425364905,"Borneo Rainforest, Indonesia",180584.53660513138,173936.3618431726,2021-07-01,2022-07-01,1.0,17.032065820756344
conservation,1364.0626010266662,"Alpine Region, Switzerland",43853.55933442567,,2020-02-01,2047-02-01,27.284512978968642,19.769240720776928
conservation,4814.723644248616,"Pampas, Argentina",137437.5936775085,,2023-10-01,2058-10-01,35.88909124981506,22.98399850032108
renewable_energy,137.12216955394132,"Pampas, Argentina",3218.193501412903,2953.0138397770615,2021-07-01,2040-07-01,19.82820030100272,12.602528149268585
renewable_energy,89.76906950009852,"Pampas, Argentina",2141.8028266950114,2076.1708766865413,2023-11-01,2048-11-01,25.477137612441346,14.685057872139895
reforestation,2479.597730327261,"Pampas, Argentina",134813.60957515915,,2021-03-01,2045-03-01,24.53404741535061,26.37718892964537
soil_carbon,2080.9545942313976,"Great Plains, USA",52644.822189092105,,2021-06-01,2034-06-01,13.48172697607762,17.83975449850478
renewable_energy,2648.979923599567,"Northern Forest, Canada",50208.3518391988,,2020-07-01,2026-07-01,6.521022888258086,12.97989203144897
conservation,600.6613637665421,"Pampas, Argentina",19328.100984896646,,2022-08-01,2048-08-01,26.082008757082882,18.99209572784428
renewable_energy,1722.4723353755764,"Amazon Rainforest, Brazil",33188.849030625,,2022-09-01,2047-09-01,25.150420813634547,22.90309939212791
renewable_energy,1317.5270652486433,"Congo Rainforest, DRC",21587.36100490776,,2022-09-01,2044-09-01,22.825260985781327,24.558639289674566
methane_capture,1626.9333515692451,"Congo Rainforest, DRC",69377.5719497649,,2023-09-01,2039-09-01,16.632124153437896,27.406922382043568
reforestation,853.9540604225965,"Borneo Rainforest, Indonesia",40596.02693812543,,2021-01-01,2051-01-01,30.408419465298397,35.22419620741013
reforestation,326.8491798925072,"Alpine Region, Switzerland",16550.710816815797,15205.264098764776,2022-03-01,2029-03-01,7.092714755593663,13.679413870739594
renewable_energy,2741.2553889533515,"Savanna, Tanzania",47516.49897794282,,2020-04-01,2048-04-01,28.722903293549166,20.806203984716927
renewable_energy,2893.0823733811517,"Northern Forest, Canada",49601.96639112107,52787.366214721624,2020-11-01,2045-11-01,25.766184393124618,19.879702046885193
soil_carbon,10479.730910780434,"Northern Forest, Canada",262233.0854258877,,2020-04-01,2032-04-01,12.530895125896603,17.969879667628142
conservation,1658.1120307469653,"Congo Rainforest, DRC",44804.821324779754,,2022-10-01,2057-10-01,35.014366500464526,28.32876690449448
conservation,1313.6053898527646,"Coastal Region, Australia",41165.0443082494,45760.59346820289,2023-12-01,2064-12-01,41.148572667188404,22.793099326151438
methane_capture,1362.2064271141282,"Central Highlands, Kenya",46915.24030195042,,2021-09-01,2044-09-01,23.536933322507785,21.923922988933803
soil_carbon,788.9684186176372,"Pampas, Argentina",17085.272925485395,18815.109597468887,2020-06-01,2036-06-01,16.23774842616445,17.457407802565765
soil_carbon,494.4752213641153,"Alpine Region, Switzerland",13784.930223387411,,2022-04-01,2047-04-01,25.286201853777122,18.711397546810723
renewable_energy,301.88287175048623,"Great Plains, USA",6611.237905599289,,2022-11-01,2031-11-01,9.639369823491071,10.83452406809033
renewable_energy,1089.3609788475287,"Great Plains, USA",21080.66396345178,,2020-11-01,2029-11-01,9.446839638384441,14.14016255762252
methane_capture,396.552257535946,"Borneo Rainforest, Indonesia",18787.505905843085,18306.305971934562,2023-08-01,2047-08-01,24.133354469184983,23.95603984614619
reforestation,4228.931447781398,"Savanna, Tanzania",198707.9312657698,,2020-08-01,2037-08-01,17.363061265548733,22.071902943934184
reforestation,4396.580105932416,"Congo Rainforest, DRC",214620.17872979137,,2021-03-01,2022-03-01,1.0,17.937571715620226
reforestation,268.402657222714,"Pampas, Argentina",14193.130062019878,,2022-07-01,2035-07-01,13.777466499272997,14.672478416268733
conservation,1003.028120947931,"Savanna, Tanzania",26744.406748586618,28123.557584167083,2020-08-01,2040-08-01,20.239869076217264,17.572919440606903
soil_carbon,1265.4909801965143,"Congo Rainforest, DRC",34431.644321814965,,2023-08-01,2050-08-01,27.82634385693006,31.495132237386844
methane_capture,372.0159286842433,"Northern Forest, Canada",13649.399719731447,,2022-10-01,2046-10-01,24.92748485555411,16.96841791616849
soil_carbon,4304.301948588286,"Congo Rainforest, DRC",125282.04570046368,,2022-10-01,2049-10-01,27.666030609220567,31.52191546878612
renewable_energy,3587.49796030239,"Savanna, Tanzania",67811.1130224196,,2022-04-01,2036-04-01,14.639686451557226,16.87419838471428
methane_capture,1295.1931955544578,"Pampas, Argentina",61866.03886473912,,2023-01-01,2035-01-01,12.192161533666667,17.839507065037377
reforestation,9463.897153140008,"Alpine Region, Switzerland",427368.3367656233,470309.9102356531,2023-10-01,2048-10-01,25.378058275310178,25.187537423922805
soil_carbon,214.95033770420844,"Borneo Rainforest, Indonesia",5490.214241974303,,2021-12-01,2045-12-01,24.414909242476007,20.180560773704155
conservation,1416.6209955761879,"Great Plains, USA",44207.36140608221,,2022-10-01,2049-10-01,27.86152787156411,23.554353923986163
conservation,1609.395551793113,"Central Highlands, Kenya",39532.53505919596,42355.55674518876,2022-05-01,2023-05-01,1.0422287241244206,12.619870682563674
conservation,875.6741935900942,"Central Highlands, Kenya",30636.48105916184,,2023-03-01,2052-03-01,29.660737363442095,23.482684363855157
soil_carbon,2013.3733226992915,"Pampas, Argentina",41302.86006365883,,2020-11-01,2027-11-01,7.846560136110584,14.9703102318999
conservation,1058.927105080758,"Borneo Rainforest, Indonesia",34161.86600329674,,2022-03-01,2056-03-01,34.16640508508408,31.11674855839407
soil_carbon,2042.2551913963316,"Congo Rainforest, DRC",48217.11197776997,54253.60859714193,2020-01-01,2027-01-01,7.438202240876349,21.72857148470842
reforestation,2189.9208507576122,"Pampas, Argentina",120841.40252266372,,2023-06-01,2053-06-01,30.28918764085154,29.595114720971935
conservation,4250.726431508444,"Alpine Region, Switzerland",104649.27026563279,,2023-10-01,2051-10-01,28.229141042424526,22.266445084687117
reforestation,313.87777828954034,"Savanna, Tanzania",14519.07487732295,15525.349872624003,2022-08-01,2062-08-01,40.84781973567615,23.462534809879077
soil_carbon,4258.3344225285155,"Borneo Rainforest, Indonesia",112613.6403434243,,2023-03-01,2024-03-01,1.0,17.06232619344255
soil_carbon,1187.5621335477636,"Borneo Rainforest, Indonesia",28988.773620643566,,2022-08-01,2050-08-01,28.106528288442828,30.043324340342615
soil_carbon,3077.4128507733326,"Great Plains, USA",88813.45009467927,,2021-02-01,2029-02-01,8.115517015704224,14.100252056873664
conservation,2238.138091844724,"Borneo Rainforest, Indonesia",75168.76044961768,,2023-01-01,2043-01-01,20.37613770498996,24.38332460822131
soil_carbon,220.21206388326814,"Alpine Region, Switzerland",5281.318146104787,5022.064254518287,2023-05-01,2047-05-01,24.542827790170172,17.331276832433623
reforestation,170.48564443611323,"Congo Rainforest, DRC",9727.303334651006,,2020-09-01,2037-09-01,17.60209138712638,20.33253442198968
soil_carbon,858.2799958002496,"Alpine Region, Switzerland",18233.622577546386,,2020-05-01,2032-05-01,12.934742039228183,15.25126952287807
renewable_energy,3523.1223772028047,"Borneo Rainforest, Indonesia",70820.07296082127,63947.58044857616,2021-09-01,2053-09-01,32.96886846230172,24.674097450189503
renewable_energy,667.8281992276712,"Pampas, Argentina",15862.803702472644,,2022-04-01,2040-04-01,18.65508083499765,16.500687773017674
soil_carbon,175.77145952658128,"Coastal Region, Australia",5266.703125452592,,2022-06-01,2067-06-01,45.33897337651328,18.220526205429493
soil_carbon,5153.880480732712,"Alpine Region, Switzerland",107792.7318697368,,2022-11-01,2056-11-01,34.36702138476417,21.87445800306125
reforestation,1888.4262756017406,"Congo Rainforest, DRC",96342.12167941332,93696.17817370269,2022-06-01,2050-06-01,28.66887723124377,32.72160038542962
soil_carbon,1902.7733246773375,"Coastal Region, Australia",40138.410761491265,,2020-01-01,2040-01-01,20.311020863383575,18.304729366536773
soil_carbon,672.2031204878804,"Congo Rainforest, DRC",18001.708144671502,,2020-01-01,2048-01-01,28.353287016552578,29.026217122968
renewable_energy,579.489128966359,"Pampas, Argentina",10015.42700205243,,2020-09-01,2036-09-01,16.206835351012344,15.094202639041244
methane_capture,1332.5541874299245,"Great Plains, USA",63137.80940113682,,2022-07-01,2040-07-01,18.73060445031491,18.391158349010727
renewable_energy,550.2978510023088,"Central Highlands, Kenya",12405.769580544731,,2020-12-01,2043-12-01,23.959644140492202,14.305110484837172
soil_carbon,407.00264752218465,"Amazon Rainforest, Brazil",9673.21304682324,10598.009225263182,2023-06-01,2044-06-01,21.235258215693534,20.86144288071999
conservation,996.953837626977,"Alpine Region, Switzerland",31495.229992568242,,2020-06-01,2042-06-01,22.232172206162716,21.49138853102232
methane_capture,2325.9936848117827,"Borneo Rainforest, Indonesia",92056.27589464546,80310.6614891207,2021-02-01,2048-02-01,27.81519262429653,34.128413621135365
soil_carbon,3306.570876946399,"Northern Forest, Canada",78815.82882189605,86417.92164996249,2022-03-01,2055-03-01,33.803330200443725,22.455603842277608
conservation,257.74896299307954,"Borneo Rainforest, Indonesia",6692.061554631323,,2020-11-01,2022-11-01,2.4095523470393445,12.253684884864388
conservation,304.8121244282022,"Northern Forest, Canada",10793.50789568784,10574.40443792485,2020-05-01,2046-05-01,26.979658626241157,17.441011452064544
renewable_energy,172.98892334294902,"Alpine Region, Switzerland",3211.7023041948537,,2021-03-01,2036-03-01,15.466644699919154,10.678722627338757
reforestation,2837.0009091842417,"Pampas, Argentina",140329.97507774844,,2021-09-01,2038-09-01,17.256193373578967,23.24356268474608
soil_carbon,1938.6890577890888,"Pampas, Argentina",53527.66999534352,,2023-12-01,2046-12-01,23.581668480138518,19.27797890837785
methane_capture,3824.571705173297,"Coastal Region, Australia",151852.16274160004,134777.25831750338,2023-04-01,2046-04-01,23.93123653615598,22.101107938150708
reforestation,223.3176846439885,"Great Plains, USA",12494.888420180312,,2020-01-01,2044-01-01,24.517608500289246,17.09253289315023
conservation,12994.473910635295,"Borneo Rainforest, Indonesia",357347.395092207,,2020-12-01,2036-12-01,16.03307057594172,24.176487427067087
renewable_energy,589.5713432977187,"Great Plains, USA",9917.969140743846,,2022-06-01,2045-06-01,23.49371173512271,16.336656441207197
methane_capture,879.2205938139331,"Amazon Rainforest, Brazil",32727.563086710754,,2020-09-01,2040-09-01,20.215086711956246,25.503895349010566
reforestation,274.41131607183786,"Northern Forest, Canada",16341.00939256599,17288.10459303707,2022-02-01,2033-02-01,11.141443893229507,13.55658257335962
methane_capture,1353.6608981778986,"Amazon Rainforest, Brazil",56671.92493536578,,2020-02-01,2047-02-01,27.042369994025993,33.36638455210887
conservation,3132.3935862376165,"Northern Forest, Canada",78188.86084143602,,2023-06-01,2038-06-01,15.718118307515457,18.611968727629087
conservation,5917.375497293371,"Congo Rainforest, DRC",184144.84237397672,,2020-03-01,2036-03-01,16.317636446449225,21.7315316929994
methane_capture,910.4541080318362,"Pampas, Argentina",29770.56242698911,25491.2924178138,2022-06-01,2050-06-01,28.34212140675521,22.677071757503903
reforestation,920.0230271943865,"Congo Rainforest, DRC",40859.34736442417,,2022-01-01,2035-01-01,13.923049271613522,27.439713463139714
reforestation,2787.4405392458825,"Central Highlands, Kenya",135218.36896222475,,2023-04-01,2049-04-01,26.98526838895319,25.758748180020685
conservation,14670.170653021878,"Amazon Rainforest, Brazil",357258.7540985126,,2023-02-01,2046-02-01,23.297747217951468,26.712555749537916
methane_capture,451.14520254704604,"Great Plains, USA",17207.37929872953,,2020-01-01,2029-01-01,9.095682731591028,12.923715919654374
methane_capture,274.352812105294,"Savanna, Tanzania",11029.488756587729,,2021-09-01,2052-09-01,31.55449266969876,18.383243722346585
methane_capture,6712.267196426199,"Pampas, Argentina",225023.28140445327,,2020-09-01,2047-09-01,27.077811374033097,23.147950335053086
renewable_energy,1115.3070848758641,"Central Highlands, Kenya",23186.912908572842,,2022-11-01,2041-11-01,19.249876403818632,18.15786486777303
conservation,451.69263581872616,"Coastal Region, Australia",13276.694703495174,,2023-01-01,2046-01-01,23.393123352631925,16.032073969292657
methane_capture,213.42276455648772,"Alpine Region, Switzerland",8651.345906148654,,2023-12-01,2052-12-01,29.645531680651445,18.603685274592408
methane_capture,1020.858011666043,"Northern Forest, Canada",41343.43506471696,,2020-01-01,2039-01-01,19.702222107921266,19.214439555231355
soil_carbon,6098.243195882509,"Central Highlands, Kenya",146198.00104354726,,2022-11-01,2048-11-01,26.175055960283455,20.074633228211358
reforestation,1173.5088687258303,"Borneo Rainforest, Indonesia",52907.050732189346,,2022-12-01,2045-12-01,23.200915797185736,31.59011923258299
soil_carbon,429.03224951366843,"Northern Forest, Canada",11469.887307921896,,2020-07-01,2045-07-01,25.154145276074413,18.72736159729192
soil_carbon,2453.3081910302867,"Great Plains, USA",73075.0053543881,,2021-02-01,2031-02-01,10.24821981971099,15.52875239713049
conservation,1593.0348584129702,"Pampas, Argentina",40395.091217324465,,2023-01-01,2047-01-01,24.05612611589753,20.830526351751956
soil_carbon,172.26941921790373,"Central Highlands, Kenya",3719.791941164892,,2022-09-01,2049-09-01,27.54771073492294,18.332862649739383
reforestation,843.8996282769222,"Alpine Region, Switzerland",35597.53668484785,,2021-04-01,2036-04-01,15.938561740274704,20.780290716554774
conservation,761.8864406115762,"Borneo Rainforest, Indonesia",26229.31783273716,,2021-06-01,2047-06-01,26.023005420911762,26.23997615896763
soil_carbon,305.508443511008,"Amazon Rainforest, Brazil",8234.879908507843,,2020-01-01,2026-01-01,6.850074275295539,14.741388525013743
reforestation,5664.733675770138,"Congo Rainforest, DRC",296774.30352790863,,2022-05-01,2050-05-01,28.078536714741073,36.52524722258256
conservation,214.71823475149688,"Great Plains, USA",6381.500165014292,,2022-06-01,2043-06-01,21.367767772545754,15.625021617049319
methane_capture,2342.3935959334704,"Central Highlands, Kenya",84081.897025447,,2022-04-01,2044-04-01,22.249531391755006,23.657262543833372
renewable_energy,1620.3579229514785,"Borneo Rainforest, Indonesia",32706.40259003155,,2020-12-01,2031-12-01,11.119695159268383,18.739144326090134
conservation,535.4640636694526,"Northern Forest, Canada",19127.152712660227,,2021-11-01,2053-11-01,32.46943928071186,17.905170306672115
methane_capture,638.8551950376386,"Coastal Region, Australia",23461.60734600798,,2020-10-01,2044-10-01,24.108325665308108,21.720809991326664
methane_capture,1766.9385926492394,"Northern Forest, Canada",59716.99304897335,62189.01152153921,2020-06-01,2021-06-01,1.7846984152031382,14.14690494881605
conservation,380.1659506134347,"Alpine Region, Switzerland",10769.82394691705,,2023-01-01,2046-01-01,23.82042972900517,15.684207504091674
soil_carbon,2447.6939567409754,"Northern Forest, Canada",59325.694761780025,,2021-03-01,2036-03-01,15.516414788083807,18.755664103099207
reforestation,334.42130187817924,"Savanna, Tanzania",18305.377617208826,,2022-05-01,2044-05-01,22.47856568181622,17.53777942921043
soil_carbon,2875.2046025249815,"Congo Rainforest, DRC",64173.045633449205,,2020-09-01,2057-09-01,37.68418401273081,30.69264043054245
conservation,5838.7921808619285,"Congo Rainforest, DRC",171150.20070829283,,2020-01-01,2047-01-01,27.383457457675263,25.34231212881665
methane_capture,210.80165465971265,"Congo Rainforest, DRC",9799.830942046612,,2023-08-01,2051-08-01,28.365881060322728,24.628471589235108
methane_capture,202.907574340579,"Congo Rainforest, DRC",7608.418740115099,,2020-01-01,2029-01-01,9.975001694391581,17.973938914759792
methane_capture,1334.307281068607,"Central Highlands, Kenya",48486.53697443997,,2022-06-01,2037-06-01,15.184902310390132,18.020851848868922
conservation,244.79289922828366,"Congo Rainforest, DRC",8799.268246815083,,2023-08-01,2032-08-01,9.362853582085538,15.60778029234361
conservation,1224.7481851432603,"Northern Forest, Canada",40487.79144403882,39388.278901461235,2021-09-01,2044-09-01,23.02369167949499,21.34926961732559
methane_capture,106.10479903417526,"Amazon Rainforest, Brazil",3598.7844839343784,,2021-05-01,2037-05-01,16.005622083424022,19.294602503429328
methane_capture,1182.2646671816628,"Amazon Rainforest, Brazil",49628.36256398651,53428.958458069574,2020-05-01,2049-05-01,29.816400479761214,34.175361068161486
methane_capture,554.4438929894729,"Borneo Rainforest, Indonesia",21121.291938880488,,2020-09-01,2030-09-01,10.604080940054892,19.502058955869
renewable_energy,1330.5273773614683,"Northern Forest, Canada",30584.424742399897,33211.10037889866,2022-06-01,2041-06-01,19.229813534383226,17.081848649055033
methane_capture,88.67354102496304,"Coastal Region, Australia",3603.313352992746,,2021-08-01,2041-08-01,20.22562169217542,15.34816070282855
renewable_energy,660.4206232254758,"Savanna, Tanzania",12695.821338068423,13438.340596378684,2021-04-01,2039-04-01,18.109162103288032,15.039560254281964
conservation,532.6255753700393,"Alpine Region, Switzerland",14788.206513262177,,2020-06-01,2061-06-01,41.033701050402186,20.619424373340916
methane_capture,492.97628959942426,"Congo Rainforest, DRC",19547.369815060683,,2022-04-01,2044-04-01,22.81238367060711,22.19519205158004
methane_capture,428.6602324504897,"Northern Forest, Canada",18112.27555066358,18762.078548158523,2023-07-01,2041-07-01,18.847299554227078,15.770342287282077
renewable_energy,885.8584094346464,"Central Highlands, Kenya",14585.933649939649,,2020-08-01,2051-08-01,31.925809094799618,18.763980996468533
renewable_energy,593.8325257688151,"Alpine Region, Switzerland",12789.543754523109,12825.695170592846,2022-08-01,2039-08-01,17.580242508094972,15.247921573002222
methane_capture,1791.191323695702,"Northern Forest, Canada",81621.4614945002,,2020-04-01,2031-04-01,11.77677787429044,17.396397417332818
soil_carbon,340.3202118454248,"Congo Rainforest, DRC",9622.682956202852,,2021-05-01,2026-05-01,5.5841564993598425,13.784078621060702
conservation,635.0829064745349,"Central Highlands, Kenya",19321.585525166964,16493.605471565897,2021-05-01,2044-05-01,23.13443204322037,16.819014700246612
soil_carbon,273.7058362731989,"Northern Forest, Canada",7242.503100965578,,2023-07-01,2036-07-01,13.902068302963343,12.878783734121312
methane_capture,3527.0521702913647,"Borneo Rainforest, Indonesia",139728.72186993397,,2023-06-01,2036-06-01,13.096757289996013,23.204552015395397
conservation,3436.9043760456843,"Amazon Rainforest, Brazil",100533.7061295433,110814.43108771899,2021-12-01,2032-12-01,11.033421075836902,21.77976503457483
methane_capture,2303.293587162097,"Savanna, Tanzania",97168.38992640727,,2023-07-01,2045-07-01,22.394340643251937,21.902160460166055
renewable_energy,1198.2850605389717,"Central Highlands, Kenya",25693.415253335323,22492.98190886471,2022-01-01,2055-01-01,33.77702884547976,18.516941560794628
renewable_energy,1107.6803160350378,"Pampas, Argentina",21157.537924580665,,2023-11-01,2038-11-01,15.65920828455139,17.21387953134019
renewable_energy,595.3265678031944,"Savanna, Tanzania",11488.045022442098,,2021-08-01,2050-08-01,29.556254996051557,16.838529284408573
methane_capture,2969.1995562899842,"Amazon Rainforest, Brazil",124690.39846484106,,2021-03-01,2034-03-01,13.945639291444314,22.311861807327578
methane_capture,1730.0191764466053,"Alpine Region, Switzerland",56521.8363824854,,2020-04-01,2057-04-01,37.32001875920867,23.724469081669778
conservation,2519.0277880278395,"Great Plains, USA",76198.61995746821,,2021-11-01,2040-11-01,19.77863465924591,17.195787587385524
reforestation,478.64660171884657,"Pampas, Argentina",22745.218449571,,2021-09-01,2042-09-01,21.613604479332377,18.473465377775454
methane_capture,878.9661404549961,"Northern Forest, Canada",40600.14779712586,,2022-10-01,2039-10-01,17.785493600888636,20.54027699184014
reforestation,9218.305881038634,"Alpine Region, Switzerland",409488.830784628,,2021-08-01,2046-08-01,25.509424189483408,25.40434194489414
methane_capture,478.9217538961949,"Great Plains, USA",19459.979507803186,,2021-05-01,2048-05-01,27.274720144843005,20.899509943335044
renewable_energy,1130.5718552215897,"Borneo Rainforest, Indonesia",25692.951140097677,,2022-05-01,2030-05-01,8.064510828229002,17.655786652072052
renewable_energy,6710.13956072333,"Great Plains, USA",154243.18214760412,,2023-05-01,2047-05-01,24.988390855213098,17.4019592914367
conservation,889.7822258370669,"Coastal Region, Australia",29897.44054837068,30391.51024743321,2023-07-01,2036-07-01,13.195836366325599,16.43856319712796
conservation,2178.8794418951265,"Alpine Region, Switzerland",65998.06230199544,,2021-06-01,2023-06-01,2.2941812157853505,13.654822601812205
reforestation,2377.5664502056625,"Borneo Rainforest, Indonesia",131064.0475698061,,2021-08-01,2049-08-01,28.97740023041348,34.55582408147043
conservation,5238.212619879655,"Northern Forest, Canada",174771.90234870263,155782.38807837912,2021-05-01,2030-05-01,9.998028015037445,13.955206204166874
soil_carbon,238.49388854001302,"Coastal Region, Australia",6663.989868843987,6840.32357284993,2023-03-01,2053-03-01,30.100672827417455,16.64147089133853
conservation,859.0268380044741,"Savanna, Tanzania",25632.64952623882,,2022-12-01,2042-12-01,20.886568761070425,19.69589752344579
reforestation,925.0200171820327,"Congo Rainforest, DRC",51521.70899235681,,2022-04-01,2038-04-01,16.374175605381797,27.131493764503396
soil_carbon,1573.636985183484,"Northern Forest, Canada",35184.282116160546,,2020-11-01,2035-11-01,15.367357532164561,19.347342687002342
renewable_energy,1325.9014360721833,"Alpine Region, Switzerland",25682.690167596706,,2023-11-01,2047-11-01,24.614064529544578,19.243288689684885
methane_capture,7219.827256691199,"Savanna, Tanzania",252344.65910350264,,2021-03-01,2053-03-01,32.34594822617751,22.40467370723372
reforestation,1262.5468216423346,"Great Plains, USA",58044.97333524915,,2021-03-01,2026-03-01,5.852485075497187,16.620874026293855
renewable_energy,758.3687693265578,"Central Highlands, Kenya",17003.49726168867,,2020-04-01,2043-04-01,23.21417026046859,15.56803173969256
methane_capture,833.6149815491148,"Savanna, Tanzania",38981.477866285924,,2020-08-01,2032-08-01,12.0054979387989,15.432481071407592
methane_capture,1564.0321144363375,"Savanna, Tanzania",56293.79999156562,60674.55416238056,2021-09-01,2039-09-01,18.231095237691985,21.337932248691697
methane_capture,648.0202642072206,"Alpine Region, Switzerland",21386.257181936144,,2020-05-01,2039-05-01,19.887843693939292,18.77542454893406
reforestation,943.0925097820478,"Savanna, Tanzania",51539.03864719916,,2023-07-01,2041-07-01,18.10400663151872,21.1671278320106
conservation,2656.080422949043,"Pampas, Argentina",95022.77804477615,99417.80772557999,2021-05-01,2033-05-01,12.646558890234267,16.640922426376633
renewable_energy,1187.9606548477718,"Congo Rainforest, DRC",22328.96902682616,19992.779399070645,2023-10-01,2045-10-01,22.783248930599083,21.44800108698489
reforestation,3017.1497239836913,"Amazon Rainforest, Brazil",168459.53699214608,,2021-06-01,2022-06-01,1.7268171401412786,18.585896698670837
conservation,366.7404716360353,"Amazon Rainforest, Brazil",11724.786387512902,10309.238306981566,2023-03-01,2041-03-01,18.258152124092422,19.950308800992854
methane_capture,810.5802296132925,"Pampas, Argentina",30555.28701269496,,2022-01-01,2043-01-01,21.78808885063332,19.145488286828805
soil_carbon,5338.965860524505,"Northern Forest, Canada",147040.86881416338,130554.07826590903,2022-06-01,2044-06-01,22.197448591942823,19.35277278398112
renewable_energy,5337.9339987984395,"Alpine Region, Switzerland",109234.65883055521,,2023-03-01,2046-03-01,23.03894280567265,19.53514668626737
reforestation,414.28463369793616,"Coastal Region, Australia",22013.26345003337,,2021-11-01,2040-11-01,19.956820989107726,19.81388799490784
renewable_energy,3907.414029547575,"Pampas, Argentina",71160.00159386049,,2020-08-01,2034-08-01,14.341557277373338,15.379444575973315
methane_capture,320.9224744832276,"Northern Forest, Canada",13419.556266360509,,2022-02-01,2043-02-01,21.701958707677917,16.02719371370171
reforestation,998.143797437137,"Amazon Rainforest, Brazil",54551.25820349622,,2020-04-01,2037-04-01,17.422883398479488,29.90226412180262
renewable_energy,1123.5172627633458,"Alpine Region, Switzerland",26668.943784386032,,2022-05-01,2053-05-01,31.297764443323434,20.93007599515469
soil_carbon,333.94914390301386,"Borneo Rainforest, Indonesia",6721.085583086727,,2020-04-01,2037-04-01,17.957984463181973,20.848345555778806
conservation,1331.930005874461,"Coastal Region, Australia",34961.755242621104,,2023-06-01,2040-06-01,17.174669657514492,18.15808274071302
renewable_energy,4093.3339649627173,"Alpine Region, Switzerland",80532.75008351881,,2021-06-01,2040-06-01,19.05545178407137,17.90554677883429
methane_capture,694.3399375473061,"Coastal Region, Australia",23187.39298150997,,2022-04-01,2039-04-01,17.584923958475585,19.609530327712232
renewable_energy,2353.3405317219367,"Borneo Rainforest, Indonesia",49343.49942875924,,2020-12-01,2050-12-01,30.056479653512746,26.173826936351343
renewable_energy,798.253966978186,"Congo Rainforest, DRC",12796.439811308957,,2021-09-01,2035-09-01,14.596308441153774,19.38970981352064
reforestation,2611.9358830695064,"Pampas, Argentina",115736.43928616711,,2020-03-01,2036-03-01,16.975311192133326,22.6627579482436
soil_carbon,2261.108790521201,"Northern Forest, Canada",60258.20791855868,67619.26076566141,2022-11-01,2047-11-01,25.339686253114497,22.17721376510016
renewable_energy,199.36183616760144,"Borneo Rainforest, Indonesia",4568.677288106653,,2022-03-01,2023-03-01,1.7840703397355924,12.293018508817948
renewable_energy,1043.7999136093767,"Northern Forest, Canada",16927.720853333678,,2021-09-01,2038-09-01,17.57628436078457,15.657642969062351
renewable_energy,2295.7399317668082,"Congo Rainforest, DRC",37062.54585807327,,2022-09-01,2046-09-01,24.92293987210443,23.29914508093958
reforestation,1583.3328663146108,"Congo Rainforest, DRC",66390.23864043862,56678.7549229395,2023-04-01,2057-04-01,34.70546941436098,33.7048821305352
renewable_energy,382.3427971151469,"Central Highlands, Kenya",8390.721285042306,9404.895168580631,2023-02-01,2034-02-01,11.457576627366455,12.133141885144619
reforestation,2285.4190439721824,"Pampas, Argentina",93001.4835156133,,2023-02-01,2037-02-01,14.805349504636848,20.92071377401443
soil_carbon,488.7534380228716,"Central Highlands, Kenya",12162.016550042988,,2020-09-01,2034-09-01,14.276226422948227,15.620622926967243
reforestation,1325.5485020850995,"Borneo Rainforest, Indonesia",66739.94481296986,,2023-06-01,2051-06-01,28.00836874053713,33.56765744915174
reforestation,955.8026755061065,"Congo Rainforest, DRC",49837.26389246947,,2023-09-01,2050-09-01,27.62299637762351,34.70569458316505
methane_capture,417.5908035480747,"Savanna, Tanzania",15932.000022090939,,2021-12-01,2041-12-01,20.241292580280998,18.886047200550415
conservation,2715.8430372462167,"Savanna, Tanzania",65275.42968718474,67313.42671891167,2022-08-01,2040-08-01,18.276014381441044,17.435774858361157
conservation,266.41290755714255,"Amazon Rainforest, Brazil",8384.077167182812,,2023-04-01,2024-04-01,1.0,11.787888865890473
soil_carbon,1477.2256773292404,"Great Plains, USA",33753.24799741089,,2020-01-01,2042-01-01,22.309859157759682,19.627937585734838
conservation,934.3650469543804,"Great Plains, USA",23401.278372543347,,2023-05-01,2048-05-01,25.370720611603726,19.835006020077028
reforestation,7340.708815042746,"Savanna, Tanzania",439387.9390369769,409693.8638173822,2020-08-01,2039-08-01,19.514713489483032,22.24290276107839
methane_capture,1432.4286667464844,"Pampas, Argentina",59770.211021138435,,2020-10-01,2044-10-01,24.06980018583947,24.511630421829604
conservation,1267.5835680058904,"Central Highlands, Kenya",40865.72673976314,39441.62420078227,2022-04-01,2037-04-01,15.081817078744653,16.826118943689696
renewable_energy,961.7389315477031,"Pampas, Argentina",16004.720833360128,,2022-02-01,2042-02-01,20.614815063670147,17.671519919933374
reforestation,3555.2302399296036,"Coastal Region, Australia",142929.58343361865,,2021-09-01,2027-09-01,6.128131764661179,17.35597559395742
methane_capture,594.4060224651637,"Congo Rainforest, DRC",27603.771612394186,27885.06071873181,2023-02-01,2045-02-01,22.892028201648813,22.680655271684625
methane_capture,475.3474072648116,"Congo Rainforest, DRC",18248.53941794612,,2021-01-01,2040-01-01,19.176983647266717,21.266063492745296
reforestation,3127.3524461890047,"Savanna, Tanzania",150356.7173180192,152275.31572573044,2021-10-01,2038-10-01,17.316834217809657,22.064423356670282
methane_capture,433.122260810607,"Borneo Rainforest, Indonesia",17874.20279039164,,2022-08-01,2024-08-01,2.7511917490014675,16.58343384342315
conservation,1014.0721507408991,"Alpine Region, Switzerland",30736.274574095176,,2023-05-01,2040-05-01,17.23512388242641,18.557900485311727
soil_carbon,1376.9873094924267,"Pampas, Argentina",32757.292633080877,31635.75994141272,2022-11-01,2025-11-01,3.0726400362320625,13.210828840688619
soil_carbon,319.14678184103377,"Pampas, Argentina",9536.220626238211,,2023-01-01,2038-01-01,15.260285926776845,13.447422960028145
soil_carbon,1127.7180613948472,"Pampas, Argentina",24085.678837032912,21982.01688976211,2022-11-01,2045-11-01,23.34549662774199,19.73937167818279
conservation,846.5793510395497,"Great Plains, USA",23256.328241127503,,2020-05-01,2052-05-01,32.789177364037734,23.42161641029022
soil_carbon,1393.5037533153752,"Congo Rainforest, DRC",39390.27315323957,,2020-11-01,2047-11-01,27.231382005894847,32.10032802278208
methane_capture,227.94943953365288,"Amazon Rainforest, Brazil",9268.9990355431,9418.354547337396,2021-06-01,2031-06-01,10.985860248721558,16.529100578797287
renewable_energy,378.6445845369056,"Congo Rainforest, DRC",6647.859446911249,6333.644339226165,2023-05-01,2036-05-01,13.012722927297533,17.22823892059105
methane_capture,1470.3593464213639,"Congo Rainforest, DRC",70570.51565647732,77276.62562536667,2023-03-01,2033-03-01,10.535880053343,23.700183191127497
renewable_energy,3297.6310795726313,"Borneo Rainforest, Indonesia",69135.77157821819,66960.85166956183,2023-05-01,2058-05-01,35.66677963376475,26.196249887368147
methane_capture,1413.3805421922696,"Great Plains, USA",57290.22987115254,,2020-06-01,2043-06-01,23.741545374123465,23.638521488528376
methane_capture,563.6957103846071,"Central Highlands, Kenya",25948.85790252656,,2020-03-01,2046-03-01,26.985355445547725,20.34867705944683
methane_capture,1415.549943771682,"Northern Forest, Canada",53798.36988151659,49008.535706103445,2023-07-01,2051-07-01,28.367173723966957,23.574002384914078
renewable_energy,4284.134651660798,"Alpine Region, Switzerland",99201.7959702311,,2023-03-01,2036-03-01,13.347984456351227,15.311060315911398
methane_capture,3518.5562183446928,"Savanna, Tanzania",162872.0085075592,181608.71134938364,2022-05-01,2040-05-01,18.364360162518203,20.312572554421507
soil_carbon,1076.3072449051917,"Savanna, Tanzania",28928.147065593916,,2021-10-01,2037-10-01,16.891852375288913,17.432664788696368
soil_carbon,3693.277855547786,"Borneo Rainforest, Indonesia",93387.4153865987,,2022-03-01,2035-03-01,13.056000003691622,21.263398639404812
conservation,969.0068332590504,"Amazon Rainforest, Brazil",30615.650709100984,26075.341882321773,2023-05-01,2040-05-01,17.148226901053356,24.677612548317438
reforestation,1558.451856082463,"Amazon Rainforest, Brazil",65099.79786217257,,2021-04-01,2049-04-01,28.56120190653142,33.67689892132058
renewable_energy,9040.272481062826,"Congo Rainforest, DRC",186377.198412119,,2020-03-01,2046-03-01,26.276802547493666,24.912332159175115
conservation,956.7599620581752,"Pampas, Argentina",24629.25761129829,,2023-12-01,2030-12-01,7.057328755533424,15.320403274018197
renewable_energy,498.2287113025673,"Pampas, Argentina",9032.559747765732,9258.168230283438,2022-01-01,2038-01-01,16.23336818788939,13.650451924103281
soil_carbon,730.3601573941354,"Central Highlands, Kenya",20155.10237411838,21484.07814711437,2023-10-01,2031-10-01,8.937064181966202,14.85016908461815
methane_capture,363.0885276834143,"Northern Forest, Canada",15766.481048629508,,2023-06-01,2049-06-01,26.25746086364608,19.094035405487706
methane_capture,547.0448373798047,"Savanna, Tanzania",18893.82710570484,,2023-02-01,2055-02-01,32.45678832499366,22.335191169373484
reforestation,586.2873148380147,"Amazon Rainforest, Brazil",26689.78676341693,,2022-08-01,2042-08-01,20.123031850976844,27.786029427612156
reforestation,2502.6320190615456,"Great Plains, USA",115935.43683018087,111074.28432680639,2022-09-01,2035-09-01,13.062958274312798,21.249506580788605
methane_capture,1425.9040733940992,"Northern Forest, Canada",55526.24275954702,,2023-08-01,2044-08-01,21.548719290940355,23.491446702042495
soil_carbon,1027.0566748030158,"Amazon Rainforest, Brazil",24522.506427286695,,2023-07-01,2058-07-01,35.85353445120023,27.668051383827027
soil_carbon,926.5734959891828,"Central Highlands, Kenya",21111.415679021302,22226.78390238737,2020-09-01,2041-09-01,21.595903538219307,18.498938184353843
renewable_energy,707.6079346964079,"Congo Rainforest, DRC",13359.923487643893,,2023-09-01,2044-09-01,21.118215758129885,20.598297027966034
conservation,659.7492260934202,"Congo Rainforest, DRC",21910.807212910786,,2020-04-01,2038-04-01,18.817757449460228,23.21594086073239
reforestation,1623.7038425450223,"Alpine Region, Switzerland",85982.04099623863,,2022-02-01,2047-02-01,25.036753091151795,24.39088839804838
methane_capture,1259.2841326353769,"Borneo Rainforest, Indonesia",49729.71755261891,,2020-12-01,2037-12-01,17.280683953846264,23.450077219074775
soil_carbon,1834.2683040286677,"Alpine Region, Switzerland",46660.22218231614,49292.480841177676,2020-05-01,2044-05-01,24.717776741931065,23.466487858547534
conservation,1308.304509516125,"Great Plains, USA",31892.619957751915,,2021-01-01,2041-01-01,20.6586390937367,20.792295609102244
methane_capture,2032.5169285571674,"Pampas, Argentina",66395.2327306715,,2020-04-01,2042-04-01,22.93910952504504,21.832915754547972
reforestation,511.246150046,"Pampas, Argentina",24361.70035201681,,2020-06-01,2041-06-01,21.08603103934132,19.590190270685582
soil_carbon,1214.2189326408202,"Alpine Region, Switzerland",28511.021248754125,,2023-11-01,2055-11-01,32.3921612119615,24.39520971051989
soil_carbon,1565.2376976564315,"Savanna, Tanzania",39866.028955920905,,2022-09-01,2048-09-01,26.14813691319645,21.281726442922746
soil_carbon,1498.2748089131082,"Great Plains, USA",39004.465327526166,,2023-07-01,2044-07-01,21.19945336050713,21.090783766343336
methane_capture,9195.188057463432,"Coastal Region, Australia",389080.21098982374,,2021-09-01,2044-09-01,23.46381346182185,20.921704104162785
conservation,1538.8868368303558,"Savanna, Tanzania",51361.67511357727,,2022-05-01,2034-05-01,12.046559260785703,16.30472378870723
methane_capture,2076.6636295046314,"Amazon Rainforest, Brazil",76105.71840230918,,2022-09-01,2040-09-01,18.105851176287523,27.21841231959787
conservation,1091.3550607214954,"Amazon Rainforest, Brazil",29207.94754795434,28468.77197199288,2021-11-01,2047-11-01,26.184106898030493,28.950473287841056
soil_carbon,645.523897014234,"Coastal Region, Australia",14683.756712428607,,2021-10-01,2042-10-01,21.797006283112157,17.24097347823845
renewable_energy,264.0247496825883,"Great Plains, USA",4329.961599171418,,2023-11-01,2040-11-01,17.86678136612468,13.551343187952146
renewable_energy,1459.6013952522892,"Great Plains, USA",29171.4300159859,,2022-10-01,2035-10-01,13.448026478730586,15.103910355509825
methane_capture,8302.480655496014,"Central Highlands, Kenya",275387.51305591606,,2021-06-01,2030-06-01,9.094607963257516,15.666295354708915
renewable_energy,475.02720244938513,"Borneo Rainforest, Indonesia",11221.650432996807,,2023-10-01,2055-10-01,32.66580423754005,22.076560697344416
methane_capture,4845.803131087326,"Amazon Rainforest, Brazil",229510.2451165182,,2020-06-01,2038-06-01,18.23542026015328,26.828674574761667
soil_carbon,633.2422326490462,"Coastal Region, Australia",16160.280366136394,,2020-08-01,2050-08-01,30.15743071681707,22.321114942141072
conservation,685.3693241016017,"Savanna, Tanzania",19974.69435081199,19860.180306603874,2020-10-01,2042-10-01,22.127025837216387,19.316205092011717
renewable_energy,572.8517525449922,"Borneo Rainforest, Indonesia",10964.190918977367,,2022-03-01,2052-03-01,30.5704322581841,25.021502965446235
renewable_energy,3611.790299075339,"Coastal Region, Australia",65041.159674175564,,2022-02-01,2037-02-01,15.261867753399077,16.096411873708885
conservation,1112.397714550545,"Amazon Rainforest, Brazil",29645.658721455227,25519.150391622265,2020-06-01,2032-06-01,12.368484644826841,22.784795827762487
soil_carbon,1219.1320536619378,"Alpine Region, Switzerland",29705.544611546142,,2022-12-01,2046-12-01,24.675303843779872,22.78961594970032
renewable_energy,907.6688498048762,"Savanna, Tanzania",20189.209265211302,,2022-02-01,2049-02-01,27.373200895395676,17.769168535784384
soil_carbon,632.2461551441689,"Pampas, Argentina",18050.818677946856,15728.535467184607,2023-10-01,2034-10-01,11.79024289003978,16.39283453397678
soil_carbon,3887.9197914079678,"Amazon Rainforest, Brazil",110254.63750111159,,2021-08-01,2038-08-01,17.049632506577318,23.802464094642207
methane_capture,58.85488399331205,"Congo Rainforest, DRC",1926.1115656060751,2175.1635525501893,2022-05-01,2051-05-01,29.982489583329976,24.310299808417867
reforestation,921.9289602474691,"Alpine Region, Switzerland",50210.61636322057,45745.56265318564,2020-04-01,2035-04-01,15.581426611381245,19.350865445801148
renewable_energy,2163.263592758437,"Great Plains, USA",47451.55599382297,,2022-10-01,2032-10-01,10.809647718730751,13.64516419594811
soil_carbon,466.87440974208766,"Alpine Region, Switzerland",9922.745501270938,,2022-06-01,2034-06-01,12.61179686585016,14.205422571552598
soil_carbon,6241.024707316233,"Great Plains, USA",129716.941027003,,2021-11-01,2048-11-01,27.830864406254364,21.773286036781048
reforestation,2101.5912871308233,"Amazon Rainforest, Brazil",96528.60603731824,,2020-05-01,2027-05-01,7.975357585921456,21.24019256789585
reforestation,328.40180422345236,"Alpine Region, Switzerland",14319.604384319884,15623.482155199492,2022-07-01,2040-07-01,18.551950890723088,16.392020773869234
soil_carbon,2537.5149132347315,"Alpine Region, Switzerland",55704.55768140503,,2021-04-01,2036-04-01,15.061974507624615,19.87091388474297
renewable_energy,3159.6200023965666,"Amazon Rainforest, Brazil",64761.411590323434,,2020-01-01,2047-01-01,27.50048097763812,24.696831995057387
methane_capture,817.3219266662858,"Northern Forest, Canada",37125.99625105474,39394.76342750939,2021-02-01,2040-02-01,19.427205985135465,19.302471912327633
methane_capture,2671.467333423538,"Pampas, Argentina",108843.28649986151,,2022-05-01,2046-05-01,24.60164012885253,22.693376257076352
renewable_energy,1669.9435613286337,"Great Plains, USA",37524.165998769866,,2023-07-01,2040-07-01,17.57635569612546,15.737162856101131
renewable_energy,572.841065853305,"Alpine Region, Switzerland",12029.08541559686,,2023-07-01,2049-07-01,26.176758311802317,17.953635998147423
conservation,758.0299227250578,"Northern Forest, Canada",23185.333643108184,21841.348940787666,2022-12-01,2043-12-01,21.147107738738008,18.429599633863205
reforestation,584.4882080623784,"Central Highlands, Kenya",24178.561113785065,,2021-02-01,2053-02-01,32.269821679332,23.31655220516442
renewable_energy,711.7752210783638,"Great Plains, USA",13517.585424481007,,2020-04-01,2038-04-01,18.69343354172881,15.76828024064997
renewable_energy,1676.5159743408412,"Great Plains, USA",39092.74620106295,38507.721610018656,2021-01-01,2039-01-01,18.655252272278045,15.352702728906442
conservation,1145.8190224845746,"Central Highlands, Kenya",30109.58435847982,,2020-11-01,2043-11-01,23.029329874011292,20.139320004759206
renewable_energy,1008.8456447524512,"Congo Rainforest, DRC",18308.8031982618,19169.80797314877,2021-10-01,2029-10-01,8.40283824241176,17.843297858615262
renewable_energy,975.9097058150563,"Great Plains, USA",21046.839386845568,,2022-02-01,2036-02-01,14.2152981629131,14.46182325692727
conservation,3604.4028722764474,"Great Plains, USA",112890.21876940956,,2023-11-01,2051-11-01,28.10940592435091,22.264873770319024
soil_carbon,1903.5508230186733,"Northern Forest, Canada",41928.23163516121,,2021-09-01,2043-09-01,22.724713731203973,19.067761196929638
reforestation,2041.0477275657347,"Amazon Rainforest, Brazil",103766.46131696817,,2021-04-01,2039-04-01,18.696963380324473,30.234526301603804
conservation,1071.106868295652,"Great Plains, USA",26897.106332001913,,2022-09-01,2040-09-01,18.605165936777315,18.267529859796035
methane_capture,1427.7452078065185,"Alpine Region, Switzerland",61008.70692753234,,2020-08-01,2027-08-01,7.804677295032183,16.703889475460592
soil_carbon,1018.2827342510919,"Savanna, Tanzania",20526.67773199534,23058.653397047932,2022-02-01,2040-02-01,18.062806193408555,20.13355037679769
conservation,613.9704246287693,"Amazon Rainforest, Brazil",21745.536055381315,,2021-03-01,2042-03-01,21.915236004283017,22.58064506955157
soil_carbon,1776.2309467468672,"Pampas, Argentina",48719.90992312264,,2021-08-01,2031-08-01,10.098700621381617,14.90347499543585
conservation,1278.9975884470246,"Amazon Rainforest, Brazil",38958.24520922528,37420.74543859677,2021-05-01,2047-05-01,26.131738944892767,28.405153098286707
renewable_energy,2978.960553911521,"Central Highlands, Kenya",62866.89353248469,,2023-04-01,2041-04-01,18.103384072915375,16.618168123114472
renewable_energy,737.719868504358,"Central Highlands, Kenya",14754.870208813372,,2021-09-01,2052-09-01,31.173027836058495,17.5413490233675
soil_carbon,2918.7887771595674,"Great Plains, USA",58711.2165640348,,2021-06-01,2032-06-01,11.947893658323357,15.671955202802554
soil_carbon,2581.3278691952682,"Central Highlands, Kenya",72960.92479170831,,2023-05-01,2050-05-01,27.662317881094936,20.525575010472163
methane_capture,216.3878542844148,"Pampas, Argentina",9495.205795635005,10556.681885236148,2020-07-01,2042-07-01,22.8274469318913,15.864274076790151
soil_carbon,274.19569201362935,"Northern Forest, Canada",6228.351728109942,5889.421574039459,2020-09-01,2051-09-01,31.592241850233922,16.919749463246102
soil_carbon,1492.5790975747645,"Congo Rainforest, DRC",41709.908452567084,,2023-07-01,2025-07-01,2.747194426937696,17.557455508588898
reforestation,759.5840719105528,"Great Plains, USA",36628.56602381828,,2023-07-01,2028-07-01,5.310604284540018,15.213744238157084
soil_carbon,4730.272702052209,"Borneo Rainforest, Indonesia",108644.27344395565,,2021-01-01,2042-01-01,21.28841182877271,26.09493642111179
conservation,539.3798993882112,"Congo Rainforest, DRC",13626.972427163597,13705.56423594737,2023-11-01,2032-11-01,9.931960714597324,16.4558108590872
renewable_energy,3045.387090646094,"Great Plains, USA",58855.762513393245,,2022-03-01,2058-03-01,36.7075421829594,21.045540718496234
conservation,591.1723098062874,"Amazon Rainforest, Brazil",18066.357655279928,,2020-01-01,2031-01-01,11.505751568319578,18.264018287664552
soil_carbon,1691.7008424114513,"Savanna, Tanzania",37323.18559548664,,2020-03-01,2033-03-01,13.551459530001562,16.54052823798306
reforestation,812.6685606861467,"Savanna, Tanzania",45391.73433003553,45041.15155559159,2022-05-01,2041-05-01,19.598363063666042,20.17143518925391
conservation,2739.1885920305413,"Alpine Region, Switzerland",90479.9449572958,,2021-09-01,2049-09-01,28.58702337853199,21.939858415183004
renewable_energy,863.580534135913,"Great Plains, USA",15084.625425799752,,2020-03-01,2051-03-01,31.441245092479026,17.5310499987534
reforestation,287.67775037812913,"Pampas, Argentina",15782.470528498605,,2023-09-01,2042-09-01,19.302410809894806,19.40232640717745
conservation,1469.461648815875,"Borneo Rainforest, Indonesia",39350.09812950825,,2021-03-01,2041-03-01,20.063975196938127,23.344829224669144
renewable_energy,598.9962486822028,"Savanna, Tanzania",13047.277597891654,,2022-11-01,2024-11-01,2.3554715432074467,9.908207398367827
conservation,4657.316325885822,"Amazon Rainforest, Brazil",117105.70046476621,101249.27233087647,2023-08-01,2031-08-01,8.888867566615366,19.35397597168522
conservation,125.77799573325791,"Central Highlands, Kenya",4041.2068769469392,,2022-05-01,2044-05-01,22.437090370784407,13.78864960091265
methane_capture,320.06728886952953,"Savanna, Tanzania",12243.240319312097,11355.229600917424,2022-03-01,2052-03-01,30.459873516346757,19.438142232452932
conservation,1257.9971046130543,"Northern Forest, Canada",41638.70720586495,,2020-11-01,2049-11-01,29.297606312326018,21.234666539935027
renewable_energy,513.8414081101887,"Alpine Region, Switzerland",9967.910172452126,,2023-11-01,2037-11-01,14.500925503274399,12.307137713353187
reforestation,442.41299332173156,"Coastal Region, Australia",24968.293514534478,,2023-01-01,2055-01-01,32.15427138913415,21.45805293765735
reforestation,1302.2376588543057,"Congo Rainforest, DRC",60541.3360927909,54927.82084563363,2021-11-01,2045-11-01,24.42600975987827,32.66762108912934
conservation,2026.4193493166838,"Savanna, Tanzania",59856.93227102644,,2023-04-01,2047-04-01,24.227142494941763,21.600394365847315
methane_capture,692.2337903360162,"Amazon Rainforest, Brazil",25026.48272057063,27873.38857633804,2022-05-01,2041-05-01,19.468899059280226,25.0552423618313
conservation,282.07628201628154,"Great Plains, USA",8510.357779287631,,2022-08-01,2039-08-01,17.419481727184184,14.672782822651625
conservation,2307.3999908198916,"Borneo Rainforest, Indonesia",74949.09172294747,,2022-04-01,2046-04-01,24.71958787643954,29.011817200165193
soil_carbon,1082.2819540713517,"Coastal Region, Australia",27827.225567875972,,2020-01-01,2038-01-01,18.475773058690578,21.178208664736054
renewable_energy,1531.2810728621243,"Central Highlands, Kenya",28332.1052848795,,2022-06-01,2053-06-01,31.450934254649468,18.283244856591946
conservation,1614.545094407265,"Amazon Rainforest, Brazil",49664.608662233804,,2020-10-01,2048-10-01,28.727843401487736,28.043806919857463
methane_capture,6430.269847220638,"Congo Rainforest, DRC",245814.3465628872,252956.62081205333,2023-11-01,2039-11-01,16.062851878431978,27.362273972821768
methane_capture,656.9401463182356,"Central Highlands, Kenya",25679.100399255716,,2021-01-01,2058-01-01,37.760149875386105,22.030340032222913
reforestation,2802.3734495504996,"Borneo Rainforest, Indonesia",118263.7064903307,,2023-05-01,2040-05-01,17.16050038854174,25.586233126154546
renewable_energy,295.396124210802,"Alpine Region, Switzerland",5095.480507103205,,2023-01-01,2049-01-01,26.941056671249086,14.234268047363916
methane_capture,7998.914401964105,"Great Plains, USA",363133.7023685167,310749.29105235357,2023-01-01,2038-01-01,15.752232817504284,19.68726524943938
renewable_energy,411.4711151891947,"Pampas, Argentina",7906.457637581527,8078.677440870643,2021-02-01,2065-02-01,44.49557572324975,18.079721206241892
conservation,1331.68836318768,"Pampas, Argentina",43188.89414429471,39700.88978590114,2020-04-01,2033-04-01,13.310576948101627,17.928005080840883
renewable_energy,1705.7769867020493,"Savanna, Tanzania",36618.9895870433,,2022-08-01,2042-08-01,20.011694673531863,18.41924203124456
reforestation,599.91747487559,"Congo Rainforest, DRC",32290.099860850816,,2020-08-01,2034-08-01,14.907794214595182,25.719440716315287
soil_carbon,482.93317010319646,"Northern Forest, Canada",11570.893254993718,,2021-03-01,2025-03-01,4.513875622310092,12.172008828274144
conservation,332.38336358289405,"Borneo Rainforest, Indonesia",9871.59031844514,11181.6987849159,2023-04-01,2040-04-01,17.58922840246759,18.643417307682114
methane_capture,726.7700807676582,"Congo Rainforest, DRC",30589.2403740833,26189.169158299013,2021-07-01,2037-07-01,16.127602908903853,22.54097667644674
methane_capture,1988.2884372171934,"Northern Forest, Canada",68299.2005803153,,2022-08-01,2037-08-01,15.54061557513343,17.859213990359464
conservation,2568.4791030599954,"Savanna, Tanzania",66451.1015400954,,2021-08-01,2053-08-01,32.004570951701346,21.61630772164728
renewable_energy,1011.7130383590594,"Savanna, Tanzania",18667.8333049422,,2021-05-01,2034-05-01,13.33555154399393,14.756509186701818
reforestation,1885.2997189466225,"Great Plains, USA",100569.89339366306,,2022-10-01,2055-10-01,33.129276312732586,25.99492768230134
soil_carbon,1114.9327842676769,"Amazon Rainforest, Brazil",27548.5102103002,,2023-12-01,2040-12-01,17.18355513830451,25.509281191209862
methane_capture,1346.504014392993,"Savanna, Tanzania",45743.0589870721,,2022-09-01,2039-09-01,17.901631902481338,20.147786429639165
soil_carbon,1144.7393466365556,"Amazon Rainforest, Brazil",31322.81372493537,,2021-06-01,2051-06-01,30.757408960817063,29.052960663211874
reforestation,1383.80870573889,"Great Plains, USA",68934.84600476698,,2023-06-01,2041-06-01,18.241996033258168,22.519862897454605
reforestation,3706.9293791896375,"Great Plains, USA",175515.0048845667,178504.98606024586,2022-05-01,2037-05-01,15.894429083892831,19.70626135315395
reforestation,1255.6422610880522,"Alpine Region, Switzerland",63333.41543291257,,2023-10-01,2029-10-01,6.6524899687789745,18.200223509951883
methane_capture,579.8052393768929,"Northern Forest, Canada",22805.582403611406,,2020-08-01,2043-08-01,23.667093628411873,19.44514770486078
conservation,429.87463738252427,"Savanna, Tanzania",11545.469773841416,,2022-05-01,2036-05-01,14.65776354824891,14.104594118168327
reforestation,70.2805547894082,"Savanna, Tanzania",3650.246481403283,,2023-02-01,2039-02-01,16.002158590786955,14.918851261359304
conservation,324.3723318743124,"Central Highlands, Kenya",10393.016165627145,,2023-05-01,2048-05-01,25.228015616446896,15.113948487704276
methane_capture,504.0169629445938,"Amazon Rainforest, Brazil",18838.194932629234,,2020-09-01,2045-09-01,25.546597522660807,26.042467133444415
renewable_energy,313.03026216563194,"Amazon Rainforest, Brazil",5147.532319266142,,2022-01-01,2045-01-01,23.7013290945591,17.761457128899934
conservation,2305.054223795424,"Central Highlands, Kenya",66034.8942434511,56509.13924570111,2023-03-01,2043-03-01,20.91095520247747,19.41440705802756
reforestation,543.0883338194884,"Amazon Rainforest, Brazil",22050.514588794736,,2022-08-01,2032-08-01,10.362453737375098,22.858945235031186
methane_capture,366.708238971791,"Amazon Rainforest, Brazil",13469.366947876937,,2020-03-01,2044-03-01,24.36858810509689,23.8092194147229
conservation,2633.441414773981,"Amazon Rainforest, Brazil",94491.31763960629,,2022-08-01,2053-08-01,31.781365406007858,28.157004730704195
methane_capture,1523.4919283920563,"Amazon Rainforest, Brazil",71640.59722593792,,2021-12-01,2041-12-01,20.22242332591952,25.45284555247716
methane_capture,575.7151868900945,"Pampas, Argentina",26835.076753010715,22850.28161758524,2021-10-01,2025-10-01,4.040437713493718,13.919867001724018
methane_capture,2605.0277533328094,"Pampas, Argentina",117430.81015504096,,2023-01-01,2044-01-01,21.333293496458584,19.301442194957854
methane_capture,424.57279670955865,"Alpine Region, Switzerland",16319.941509492128,,2023-12-01,2056-12-01,33.97890558332446,22.153226464526497
reforestation,663.6300399777842,"Great Plains, USA",31085.859481319603,,2020-04-01,2036-04-01,16.05795831044737,17.565422826325303
soil_carbon,1553.5366650004191,"Amazon Rainforest, Brazil",45827.77292692852,49043.27582988591,2020-05-01,2034-05-01,14.140252343906766,23.52235451696532
conservation,727.01143623574,"Central Highlands, Kenya",19349.339945112617,19821.950121088707,2020-12-01,2038-12-01,18.952406222524218,18.383608957641982
renewable_energy,209.58147455241345,"Pampas, Argentina",3371.4300156368067,,2020-05-01,2032-05-01,12.31962963776429,10.300728129467492
soil_carbon,527.6627931682366,"Savanna, Tanzania",13640.497113735188,15259.752191214766,2021-01-01,2039-01-01,18.013135788703007,17.155237141048048
renewable_energy,1419.063662000486,"Savanna, Tanzania",26069.42115435891,,2021-12-01,2031-12-01,10.065915396147005,15.321923950970234
reforestation,1026.6182007352738,"Savanna, Tanzania",48200.110436744886,41733.08124805,2023-01-01,2046-01-01,23.60524444267724,24.109618074786386
soil_carbon,1782.970886619356,"Amazon Rainforest, Brazil",42064.005113278676,,2020-06-01,2027-06-01,7.621568088493076,19.93050969363667
soil_carbon,335.5245234531777,"Pampas, Argentina",9510.747785542177,,2020-06-01,2041-06-01,21.578610804919023,16.653558482653136
soil_carbon,2322.8173791092336,"Great Plains, USA",52861.68849672729,45198.16518674799,2020-06-01,2045-06-01,25.585766689083833,20.139435076978145
reforestation,1067.5997211008225,"Borneo Rainforest, Indonesia",51410.22410763902,53822.53993820573,2021-04-01,2036-04-01,15.889291065257826,27.736292294561075
soil_carbon,418.74721598175154,"Savanna, Tanzania",10941.009820596282,,2023-03-01,2041-03-01,18.34710976243163,14.618022691937869
renewable_energy,123.31020257169563,"Northern Forest, Canada",2795.337735582124,,2020-01-01,2049-01-01,29.150693811363126,15.902917381525878
conservation,5410.238692058165,"Amazon Rainforest, Brazil",164362.6851113543,,2020-04-01,2037-04-01,17.146091493927777,23.66510328249437
methane_capture,330.3458968619399,"Northern Forest, Canada",15218.79875935981,,2021-08-01,2038-08-01,17.661958276449276,15.989717221855095
renewable_energy,2681.2800694448106,"Alpine Region, Switzerland",43977.5927502379,,2022-10-01,2038-10-01,16.02631340855673,15.266931526752142
renewable_energy,880.5758549437323,"Coastal Region, Australia",19590.79705437059,,2021-11-01,2040-11-01,19.2886423958499,17.55216405395307
soil_carbon,1414.1137372383212,"Great Plains, USA",35359.593220199306,,2022-08-01,2039-08-01,17.02329406837636,19.03508562776793
reforestation,949.6007244658134,"Central Highlands, Kenya",54779.71480978968,,2021-11-01,2042-11-01,21.62393690348862,24.11150824713169
methane_capture,532.5289490457217,"Northern Forest, Canada",24344.596325698345,,2022-06-01,2036-06-01,14.681043659008154,15.016721718584114
renewable_energy,1180.1944821271227,"Coastal Region, Australia",25109.874277831783,,2020-11-01,2037-11-01,17.308970695116766,17.6777515490413
conservation,900.9753336284627,"Congo Rainforest, DRC",26995.69527379194,,2020-12-01,2047-12-01,27.59338965142138,25.299744470721134
reforestation,473.2051731499718,"Coastal Region, Australia",19085.23987941359,,2023-02-01,2041-02-01,18.202035035880122,16.989951434646493
renewable_energy,754.7132846821676,"Central Highlands, Kenya",17318.614189052827,,2021-02-01,2036-02-01,15.9418287152495,13.340078752170356
renewable_energy,549.2894327986982,"Amazon Rainforest, Brazil",9877.864657753924,,2023-04-01,2051-04-01,28.361076387074153,24.287384831636405
conservation,2839.972848079161,"Coastal Region, Australia",77411.70734220312,,2022-07-01,2033-07-01,11.830700339517598,16.30172827107379
methane_capture,544.57637913453,"Amazon Rainforest, Brazil",19686.552869364583,17264.612211433472,2023-12-01,2034-12-01,11.460445235627585,17.990859197257844
methane_capture,59.920086372908344,"Central Highlands, Kenya",2238.0403243843984,,2021-04-01,2038-04-01,17.001423547025553,13.216682642302052
conservation,2015.1362087166867,"Central Highlands, Kenya",52084.820254798135,48462.4413388598,2023-02-01,2048-02-01,25.714551486989226,20.615604759261323
conservation,1500.8185275750473,"Central Highlands, Kenya",42098.54440327947,,2022-06-01,2051-06-01,29.685524590047223,21.3144471973825
methane_capture,524.8950273416051,"Northern Forest, Canada",17730.00625073144,,2023-09-01,2040-09-01,17.066147615687846,15.735724215672084
methane_capture,363.70029804379317,"Borneo Rainforest, Indonesia",15932.697209564642,,2021-04-01,2038-04-01,17.353686205379542,19.95261809669774
conservation,1402.3389875394007,"Coastal Region, Australia",35629.73398564498,34045.68952576393,2022-09-01,2023-09-01,1.0,12.36749358742886
renewable_energy,759.8889727282292,"Central Highlands, Kenya",14872.193910346035,,2023-01-01,2054-01-01,31.982212329936182,18.793997357085964
soil_carbon,1369.6217088982075,"Pampas, Argentina",38068.86414515535,41704.97848637804,2022-01-01,2052-01-01,30.230926506507146,25.467340703314527
methane_capture,3558.9000381410196,"Amazon Rainforest, Brazil",158952.63523425558,,2023-12-01,2048-12-01,25.098829463003163,27.112418155023864
renewable_energy,2172.5837825080816,"Pampas, Argentina",40389.541775262776,,2021-10-01,2040-10-01,19.556421103089658,16.115922785629337
soil_carbon,1587.6383017906091,"Great Plains, USA",33553.7958980182,,2023-10-01,2037-10-01,14.444093711778695,18.245386783982337
methane_capture,3623.5905269312216,"Pampas, Argentina",164772.8164548161,,2021-01-01,2044-01-01,23.82561809521406,23.146280013001167
methane_capture,10872.340597503704,"Pampas, Argentina",488042.1326003461,,2022-12-01,2040-12-01,18.981935840781805,20.885462414733308
methane_capture,506.19225333569847,"Savanna, Tanzania",16926.07156439108,,2021-02-01,2041-02-01,20.004000520269035,19.291040516471636
methane_capture,1704.9774293280732,"Great Plains, USA",62561.85313646775,,2023-04-01,2037-04-01,14.134750423120028,19.03515265287843
reforestation,4040.3575117485784,"Northern Forest, Canada",182109.86690929648,,2023-11-01,2057-11-01,34.710147390130984,29.291150182291176
soil_carbon,931.8080877103487,"Pampas, Argentina",19031.899803502598,,2020-07-01,2031-07-01,11.584680599554487,16.699359593492282
methane_capture,512.7613596331315,"Amazon Rainforest, Brazil",19706.667865718417,,2022-11-01,2044-11-01,22.297066832983887,21.762282613367187
renewable_energy,346.4819138130699,"Amazon Rainforest, Brazil",5798.995041928106,,2020-11-01,2041-11-01,21.424245877434977,19.52759675608382
soil_carbon,4155.504462044089,"Alpine Region, Switzerland",99068.99821537582,,2020-12-01,2041-12-01,21.812735931942484,19.485291107162244
reforestation,494.8774900086395,"Northern Forest, Canada",20446.474779217613,,2022-01-01,2040-01-01,18.529224954224965,18.143397049268998
soil_carbon,5862.861225862882,"Amazon Rainforest, Brazil",157253.17655265384,,2022-01-01,2034-01-01,12.435944960458151,22.912323293992692
renewable_energy,6198.417468079076,"Central Highlands, Kenya",133916.13978997234,,2023-03-01,2048-03-01,25.623054388760977,18.871107357783306
renewable_energy,692.598910450965,"Alpine Region, Switzerland",14500.837805168247,,2022-08-01,2028-08-01,6.095106883636907,10.68217060406315
conservation,1039.0843285529422,"Coastal Region, Australia",32239.42501276836,,2023-08-01,2035-08-01,12.141571356981483,14.809927315252892
renewable_energy,2116.173879734269,"Savanna, Tanzania",47742.02549550106,47715.24141065884,2023-06-01,2032-06-01,9.83673004816456,13.21006796293973
reforestation,363.71192110212695,"Coastal Region, Australia",21048.99273926724,23623.718791015872,2023-09-01,2044-09-01,21.085056070207628,19.570807508968997
methane_capture,754.3222952879104,"Congo Rainforest, DRC",33389.651762384005,,2020-04-01,2038-04-01,18.755474443825314,25.45443256186885
renewable_energy,333.55273270261114,"Amazon Rainforest, Brazil",6324.225252800335,,2020-07-01,2048-07-01,28.698854605727718,19.88424028959146
renewable_energy,605.581159960819,"Alpine Region, Switzerland",11333.113578238253,,2021-03-01,2039-03-01,18.674948717458943,15.17372162807329
reforestation,139.07906890084772,"Congo Rainforest, DRC",6677.75400459446,7445.57605262825,2022-06-01,2036-06-01,14.51201566624463,19.316620622821315
soil_carbon,648.148815869107,"Great Plains, USA",18237.11453416826,,2021-01-01,2042-01-01,21.42200085014425,19.976359671218614
reforestation,12639.508122474941,"Coastal Region, Australia",652637.6265034262,,2023-01-01,2038-01-01,15.661741297898686,19.412239338200568
soil_carbon,1222.3387075403934,"Borneo Rainforest, Indonesia",32981.1238244063,28449.161941471648,2021-09-01,2037-09-01,16.657293407029172,22.384137440152823
soil_carbon,1319.314923957068,"Pampas, Argentina",27432.255106036315,,2021-09-01,2052-09-01,31.12585990073234,23.135077155479095
